program,code,name_th,name_en,year,semester,credits,pdf_pages,printed_pages,match_count
DSBA,06026200,แคลคูลัส 1,CALCULUS 1,,,3(3-0-6),20;33;71;317;356,15;28;66;312;351,5
DSBA,06026201,แคลคูลัส 2,CALCULUS 2,,,3(3-0-6),20;34;317;356,15;29;312;351,4
DSBA,06026202,พีชคณิตเชิงเส้น,,,,3(3-0-6),20;72;318;356,15;67;313;351,4
DSBA,06026203,การโปรแกรมคอมพิวเตอร์,COMPUTER PROGRAMMING,,,3(2-2-5),20;71;319;356,15;66;314;351,4
DSBA,06026204,เครือข่ายและความมั้นคงทางไซเบอร์เบื้องต้น,INTRODUCTION TO NETWORKSAND,,,3(3-0-6),20;29;71;319,15;24;66;314,4
DSBA,06026205,การตลาดเบื้องต้น,INTRODUCTION TO MARKETING,,,3(3-0-6),21;323;357,16;318;352,3
DSBA,06026206,การวิเคราะห์ข้อมูลและการโปรแกรม,DATAANALYTICSAND PROGRAMMING,,,3(2-2-5),21;324;357,16;319;352,3
DSBA,06026207,ระบบฐานข้อมูลแบบโนเอสคิวแอล,NOSQL DATABASE SYSTEMS,,,3(2-2-5),21;71;324;357,16;66;319;352,4
DSBA,06026208,พื้นฐานวิทยาการข้อมูล,FUNDAMENTALS OF DATA SCIENCE,,,3(3-0-6),21;71;325;357,16;66;320;352,4
DSBA,06026209,การแสดงข้อมูลด้วยแผนภาพ,,,,3(2-2-5),21;71;325;357,16;66;320;352,4
DSBA,06026210,การหาค่าที่เหมาะที่สุด,,,,3(3-0-6),21;325;357,16;320;352,3
DSBA,06026211,การเรียนรู้ของเครื่องเชิงประยุกต์,APPLIED MACHINE LEARNING,,,3(2-2-5),21;71;326;357,16;66;321;352,4
DSBA,06026212,การสร้างคลังข้อมูล,DATA WAREHOUSING,,,3(2-2-5),21;30;326;357,16;25;321;352,4
DSBA,06026213,ระบบข้อมูลมหัต,BIG DATA SYSTEMS,,,3(2-2-5),21;31;72;327,16;26;67;322,4
DSBA,06026214,โครงงานวิทยาการข้อมูลและการวิเคราะห์เชิงธุรกิจ 1,"PROJECT IN DATA SCIENCE AND BUSINESS
ANALYTICS 1",,,3(0-9-0),22;31;38;72;327;328;357,17;26;33;67;322;323;352,7
DSBA,06026215,โครงงานวิทยาการข้อมูลและการวิเคราะห์เชิงธุรกิจ 2,"PROJECT IN DATA SCIENCE AND BUSINESS
ANALYTICS 2",,,3(0-9-0),22;32;39;72;328;357,17;27;34;67;323;352,6
DSBA,06026216,ปัญญาประดิษฐ์,ARTIFICIAL INTELLIGENCE,,,3(3-0-6),22;328;357,17;323;352,3
DSBA,06026217,การเรียนรู้ของเครื่อง,MACHINE LEARNING,,,3(3-0-6),22;329;357,17;324;352,3
DSBA,06026218,การเรียนรู้เชิงลึก,DEEP LEARNING,,,3(2-2-5),22;72;329;357,17;67;324;352,4
DSBA,06026219,การประมวลผลภาษาธรรมชาติ,NATURAL LANGUAGE PROCESSING,,,3(3-0-6),22;72;329;357,17;67;324;352,4
DSBA,06026220,การทําเหมืองข้อมูลกระบวนการ,PROCESS MINING,,,3(3-0-6),22;72;330;357,17;67;325;352,4
DSBA,06026221,การค้นคืนสารสนเทศ,INFORMATION RETRIEVAL,,,3(3-0-6),22;72;330;357,17;67;325;352,4
DSBA,06026222,คอมพิวเตอร์วิชัน,,,,3(3-0-6),22;331;357,17;326;352,3
DSBA,06026223,การประมวลผลภาพ,IMAGE PROCESSING,,,3(3-0-6),22;331;357,17;326;352,3
DSBA,06026224,การแปลงข้อมูลและการรู้จํารูปภาพ,IMAGETRANSFORMATION AND RECOGNITION,,,3(3-0-6),22;72;331;357,17;67;326;352,4
DSBA,06026225,การเรียนรู้เชิงลึกสําหรับการวิเคราะห์ภาพและวีดิโอทางการ »,"แพทย์
DEEP LEARNING IN MEDICAL IMAGE AND VIDEO",,,3(2-2-5),22;73;332;357,17;68;327;352,4
DSBA,06026226,หัวข้อพิเศษทางวิทยาการข้อมูล 1,SPECIAL TOPICS IN DATA SCIENCE 1,,,3(3-0-6),22;332;357,17;327;352,3
DSBA,06026227,หัวข้อพิเศษทางวิทยาการข้อมูล 2,SPECIAL TOPICS IN DATA SCIENCE 2,,,3(3-0-6),22;73;333;357,17;68;328;352,4
DSBA,06026228,ปปฏิบัติการพิเศษทางวิทยาการข้อมูล 1,SPECIAL WORKSHOP IN DATA SCIENCE 1,,,3(2-2-5),23;73;333;358,18;68;328;353,4
DSBA,06026229,ปปฏิบัติการพิเศษทางวิทยาการข้อมูล 2,"SPECIAL WORKSHOP IN DATA SCIENCE 2
- กลุ่มการวิเคราะห์เชิงสถิติ 12 หน่วยกิตรหัสวิชาชื่อวิชาหน่วยกิต (บรรยาย -ปฏิบัติ-ศึกษาด้วยตนเอง )",,,3(2-2-5),23;73;333;358,18;68;328;353,4
DSBA,06026230,อนุกรมเวลาและการพยากรณ์,TIME SERIES AND FORECASTING,,,3(3-0-6),23;333;358,18;328;353,3
DSBA,06026231,สถิติเชิงเบย์,BAYESIAN STATISTICS,,,3(3-0-6),23;334;358,18;329;353,3
DSBA,06026232,กระบวนการสโตแคสติกเบื้องต้น,INTRODUCTION TO STOCHASTIC PROCESS,,,3(3-0-6),23;334;358,18;329;353,3
DSBA,06026233,การวิเคราห์ข้อมูลหลายตัวแปร,MULTIVARIATE DATAANALYSIS,,,3(3-0-6),23;73;334;358,18;68;329;353,4
DSBA,06026234,การออกแบบการทดลอง,EXPERIMENTAL DESIGN,,,3(3-0-6),23;335;358,18;330;353,3
DSBA,06026235,หัวข้อพิเศษทางการวิเคราะห์เชิงสถิติ 1,SPECIAL TOPICS IN STATISTICAL ANALYTICS 1,,,3(3-0-6),23;73;335;358,18;68;330;353,4
DSBA,06026236,หัวข้อพิเศษทางการวิเคราะห์เชิงสถิติ 2,SPECIAL TOPICS IN STATISTICAL ANALYTICS 2,,,3(3-0-6),23;73;335;358,18;68;330;353,4
DSBA,06026237,ปฏิบัติการพิเศษทางการวิเคราะห์เชิงสถิติ 1,SPECIAL WORKSHOP IN STATISTICAL ANALYTICS 1,,,3(2-2-5),23;336;358,18;331;353,3
DSBA,06026238,ปฏิบัติการพิเศษทางการวิเคราะห์เชิงสถิติ 2,"SPECIAL WORKSHOP IN STATISTICAL ANALYTICS 2
- กลุ่มวิศวกรรมข้อมูล 12 หน่วยกิตรหัสวิชาชื่อวิชาหน่วยกิต (บรรยาย -ปฏิบัติ-ศึกษาด้วยตนเอง )",,,3(2-2-5),23;74;336;358,18;69;331;353,4
DSBA,06026239,สถาปัตยกรรมข้อมูลแบบไปป์ไลน์,DATA PIPELINE ARCHITECTURE,,,3(3-0-6),23;336;358,18;331;353,3
DSBA,06026240,การพัฒนาระบบอัจฉริยะ,INTELLIGENT SYSTEM DEVELOPMENT,,,3(2-2-5),23;337;358,18;332;353,3
DSBA,06026241,การดําเนินงานการเรียนรู้ของเครื่อง,MACHINE LEARNING OPERATIONS,,,3(3-0-6),23;74;337;358,18;69;332;353,4
DSBA,06026242,โครงสร้างพื้นฐานด้านเทคโนโลยีกลุ่มเมฆ,CLOUDTECHNOLOGY INFRASTRUCTURE,,,3(3-0-6),23;337;358,18;332;353,3
DSBA,06026243,ระบบฐานข้อมูลขันสูง,ADVANCED DATABASE SYSTEMS,,,3(3-0-6),24;338;358,19;333;353,3
DSBA,06026244,การดูแลและบํารุงรักษาระบบฐานข้อมูล,DATABASE SYSTEM MAINTENANCE AND,,,3(2-2-5),24;338,19;333,2
DSBA,06026245,ระบบฐานข้อมูลแบบกระจาย,DISTRIBUTED DATABASE SYSTEMS,,,3(3-0-6),24;339;358,19;334;353,3
DSBA,06026246,หัวข้อพิเศษทางวิศวกรรมข้อมูล 1,SPECIAL TOPICS IN DATA ENGINEERING 1,,,3(3-0-6),24;74;339;358,19;69;334;353,4
DSBA,06026247,หัวข้อพิเศษทางวิศวกรรมข้อมูล 2,SPECIAL TOPICS IN DATA ENGINEERING 2,,,3(3-0-6),24;74;339;358,19;69;334;353,4
DSBA,06026248,ปปฏิบัติการพิเศษทางวิศวกรรมข้อมูล 1,SPECIAL WORKSHOP IN DATA ENGINEERING 1,,,3(2-2-5),24;340;358,19;335;353,3
DSBA,06026249,ปฏิบัติการพิเศษทางวิศวกรรมข้อมูล 2,SPECIAL WORKSHOP IN DATA ENGINEERING 2,,,3(2-2-5),24;74;340;358,19;69;335;353,4
DSBA,06026250,วิทยาการข้อมูลสําหรับธุรกิจ,DATA SCIENCE FOR BUSINESS,,,3(2-2-5),24;75;340;358,19;70;335;353,4
DSBA,06026251,บัญชีการเงิน,FINANCIAL ACCOUNTING,,,3(3-0-6),24;341;358,19;336;353,3
DSBA,06026252,การวิเคราะห์ด้านการเงิน,FINANCIAL ANALYTICS,,,3(2-2-5),24;75;341;359,19;70;336;354,4
DSBA,06026253,การวิเคราะห์ด้านการตลาด,MARKETING ANALYTICS,,,3(2-2-5),24;75;341;359,19;70;336;354,4
DSBA,06026254,เทคโนโลยีสุขภาพสนเทศศาสตร์เบื้องต้น,INTRODUCTION TO HEALTH ANALYTICS,,,3(2-2-5),24;342;359,19;337;354,3
DSBA,06026255,การได้มาและการจัดการข้อมูลทางด้านคลินิก,CLINICAL DATAACQUISITION AND MANAGEMENT,,,3(2-2-5),24;342;359,19;337;354,3
DSBA,06026256,การจัดการการปฏิบัติการ,OPERATIONS MANAGEMENT,,,3(3-0-6),24;75;343;359,19;70;338;354,4
DSBA,06026257,การบริหารเชิงกลยุทธ์และสมรรถะของธุรกิจ,BUSINESS STRATEGIC AND PERFORMANCE,,,3(3-0-6),25;75;343;359,20;70;338;354,4
DSBA,06026258,การวิเคราะห์เครือข่ายสังคม,"SOCIAL NETWORKANALYSIS
นักศึกษาเลือกลงทะเบียนเรียนวิชาในกลุ่มวิชาเลือกหรือกลุ่มวิชาชีพเฉพาะด้านกลุ่มใดก็ได้จํานวนรวม 6 หน่วยกิตสําหรับแผนการศึกษาที่เข้าร่วมโครงการสหกิจศึกษา
- สหกิจศึกษา 6 หน่วยกิตรหัสวิชาชื่อวิชาหน่วยกิต (บรรยาย -ปฏิบัติ-ศึกษาด้วยตนเอง )",,,3(3-0-6),25;75;344;359,20;70;339;354,4
DSBA,06026259,สหกิจศึกษาทางวิทยาการข้อมูลและการวิเคราะห์เชิงธุรกิจ,"COOPERATIVE EDUCATION IN DATA SCIENCE AND
BUSINESS ANALYTICS",,,6(0-3-5),25;39;75;344;359,20;34;70;339;354,5
DSBA,06026260,สหกิจศึกษาต่างประเทศทางวิทยาการข้อมูลและการวิเคราะห์,"เชิงธุรกิจ
OVERSEA COOPERATIVE EDUCATION IN DATA SCIENCE
AND BUSINESS ANALYTICS
นักศึกษาเลือกลงทะเบียนเรียนวิชาสหกิจศึกษาหรือสหกิจศึกษาต่างประเทศทางวิทยาการข้อมูลและการวิเคราะห์เชิงธุรกิจวิชาใดวิชาหนึ่งจํานวนรวม 6 หน่วยกิตกําหนดระยะเวลาในการทําสหกิจศึกษาเป็นเวลาอย่างน้อย 16 สัปดาห์หรือ 1 ภาคการศึกษา",,,6(0-3-5),25;39;74;75;344;359,20;34;69;70;339;354,6
DSBA,06066000,คณิตศาสตร์ไม่ต่อเนื่อง,DISCRETE MATHEMATICS,,,3(3-0-6),20;76;318;356,15;71;313;351,4
DSBA,06066001,ความน่าจะเป็นและสถิติ,"PROBABILITYAND STATISTICS
- กลุ่มพื้นฐานเทคโนโลยีสารสนเทศ 30 หน่วยกิตรหัสวิชาชื่อวิชาหน่วยกิต (บรรยาย -ปฏิบัติ-ศึกษาด้วยตนเอง )",,,3(3-0-6),20;76;318;356,15;71;313;351,4
DSBA,06066100,การบริหารโครงการเทคโนโลยีสารสนเทศ,INFORMATION TECHNOLOGY PROJECT,,,3(3-0-6),20;31;38;76;356,15;26;33;71;351,5
DSBA,06066101,พื้นฐานทางธุรกิจสําหรับเทคโนโลยีสารสนเทศ,BUSINESS FUNDAMENTALS FOR INFORMATION,,,3(3-0-6),20;26;33;76;320;321;356,15;21;28;71;315;316;351,7
DSBA,06066102,ระบบสารสนเทศเพื่อการจัดการ,MANAGEMENT INFORMATION SYSTEMS,,,3(3-0-6),21;76;321;356,16;71;316;351,4
DSBA,06066300,แนวคิดระบบฐานข้อมูล,DATABASE SYSTEM CONCEPTS,,,3(2-2-5),21;76;321;326;327;356,16;71;316;321;322;351,6
DSBA,06066301,โครงสร้างข้อมูลและอัลกอริทีม,DATA STRUCTURESAND ALGORITHMS,,,3(2-2-5),21;36;76;322;356,16;31;71;317;351,5
DSBA,06066302,การเขียนโปรแกรมเว็บพื้นฐาน,FUNDAMENTALWEB PROGRAMMING,,,3(2-2-5),21;76;322;356,16;71;317;351,4
DSBA,06066303,การแก้ปัญหาและการโปรแกรมคอมพิวเตอร์,PROBLEM SOLVING AND COMPUTER,,,3(2-2-5),21;26;76;322;356,16;21;71;317;351,5
DSBA,06066304,การวิเคราะห์และออกแบบระบบสารสนเทศ,INFORMATION SYSTEM ANALYSIS AND DESIGN,,,3(3-0-6),21;323;356,16;318;351,3
DSBA,90641001,โรงเรียนสร้างเสน่ห์,CHARM SCHOOL,,,2(1-2-3),19;126;128;154;237;265;355,14;121;123;149;232;260;350,7
DSBA,90641002,ความฉลาดทางดิจิทัล,DIGITAL INTELLIGENCE QUOTIENT,,,3(3-0-6),19;126;128;154;237;265;355,14;121;123;149;232;260;350,7
DSBA,90641003,กีฬาและนันทนาการ,"SPORTS AND RECREATIONAL ACTIVITIES
- การประเมินผลในรายวิชาทั้ง3 รายวิชาจะใช้เกณฑ์ผลการเรียนเป็นผ่าน (5) หรือไม่ผ่าน (U)",,,1(0-3-2),19;126;128;154;237;265;355,14;121;123;149;232;260;350,7
DSBA,90642033,กฎหมายสําหรับคนรุ่นใหม่,LAW FOR NEWGENERATION,,,3(3-0-6),19;27;34;129;164;261;267;356,14;22;29;124;159;256;262;351,8
DSBA,90643021,ผู้ประกอบการสมัยใหม่,MODERN ENTREPRENEURS,,,3(3-0-6),19;31;38;137;204;258;260;261;356,14;26;33;132;199;253;255;256;351,9
DSBA,90644007,ภาษาอังกฤษพื้นฐาน 1,FOUNDATION ENGLISH 1,,,3(3-0-6),19;126;139;212;276;355,14;121;134;207;271;350,6
DSBA,90644008,ภาษาอังกฤษพื้นฐาน 2,"FOUNDATION ENGLISH 2
90644๓๐วิชาเลือกด้านภาษาและการสื่อสาร* 3 (3-0-6)
ELECTIVE IN LANGUAGEAND COMMUNICATION หรือ 3 (2-2-5)
- การประเมินผลในรายวิชาทั้ง2 รายวิชาจะใช้เกณฑ์ผลการเรียนเป็นผ่าน (5 หรือไม่ผ่าน (บ)
* ให้นักศึกษาเลือกเรียนในกลุ่มวิชาด้านภาษาและการสือสารตามรายวิชาที่สถาบันเทคโนโลยีพระจอมเกล้าเจ้าคุณทหารลาดกระบังเปิดสอน (ภาคผนวก ง) อีก 1 รายวิชา",,,3(3-0-6),19;126;139;212;276;355,14;121;134;207;271;350,6
DSBA,90644042,การสื่อสารและการนําเสนออย่างมืออาชีพ,PROFESSIONALCOMMUNICATION AND,,,3(3-0-6),19;30;37;140;221;261;262;279;356,14;25;32;135;216;256;257;274;351,9
IT,06016401,คณิตศาสตร์สําหรับเทคโนโลยีสารสนเทศ,MATHEMATICS FOR INFORMATION TECHNOLOGY,,,3(3-0-6),23;32;39;328,18;27;34;323,4
IT,06016402,พื้นฐานทางด้านเทคโนโลยีสารสนเทศ,,,,3(2-2-5),23;32;39;328,18;27;34;323,4
IT,06016403,เทคโนโลยีสื่อประสม,,,,3(2-2-5),23;34;41;329,18;29;36;324,4
IT,06016404,เทคโนโลยีกลุ่มเมฆ,CLOUD COMPUTING,,,3(2-2-5),23;36;43;329;343,18;31;38;324;338,5
IT,06016405,พื้นฐานความมั่นคงปลอดภัยไซเบอร์,CYBERSECURITY FUNDAMENTALS,,,3(3-0-6),23;35;42;330,18;30;37;325,4
IT,06016406,โครงงาน 1,PROJECT 1,,,3(0-9-0),23;38;44;87;330;331,18;33;39;82;325;326,6
IT,06016407,โครงงาน 2,PROJECT2,,,3(0-9-0),24;38;45;331,19;33;40;326,4
IT,06016408,การสร้างโปรแกรมเชิงวัตถุ,OBJECT-ORIENTED PROGRAMMING,,,3(2-2-5),24;33;40;331;336,19;28;35;326;331,5
IT,06016409,การประมวลทางกายภาพ,PHYSICAL COMPUTING,,,3(2-2-5),24;34;41;332,19;29;36;327,4
IT,06016410,วิศวกรรมซอฟต์แวร์,SOFTWARE ENGINEERING,,,3(3-0-6),24;35;42;332,19;30;37;327,4
IT,06016411,ระบบคอมพิวเตอร์เบื้องต้น,INTRODUCTION TO COMPUTER SYSTEMS,,,3(2-2-5),24;32;39;333,19;27;34;328,4
IT,06016412,โครงสร้างระบบคอมพิวเตอร์และระบบปฏิบัติการ,COMPUTER ORGANIZATION AND OPERATING SYSTEM,,,3(2-2-5),24;35;42;88;333,19;30;37;83;328,5
IT,06016413,ระบบเครือข่ายเบื้องต้น,INTRODUCTION TO NETWORKSYSTEMS,,,3(3-0-6),24;34;41;333;337;338;339;340,19;29;36;328;332;333;334;335,8
IT,06016414,ระบบฐานข้อมูลแบบโนเอสคิวแอล,NOSQL DATABASE SYSTEMS,,,3(2-2-5),25;35;42;334,20;30;37;329,4
IT,06016415,การเขียนโปรแกรมเชิงฟังก์ชัน,FUNCTIONAL PROGRAMMING,,,3(2-2-5),25;35;42;335,20;30;37;330,4
IT,06016416,วิศวกรรมความต้องการ,REQUIREMENT ENGINEERING,,,3(3-0-6),25;36;43;335,20;31;38;330,4
IT,06016417,เครื่องมือและสภาพแวดล้อมสําหรับการพัฒนาซอฟต์แวร์,SOFTWARE DEVELOPMENTTOOLSAND ENVIRONMENTS,,,3(2-2-5),25;36;43;88;335,20;31;38;83;330,5
IT,06016418,การพัฒนาเว็บฝั่งเซิร์ฟเวอร์,"SERVER-SIDE WEB DEVELOPMENT
กลุ่มวิชาด้านโครงสร้างพื้นฐานเทคโนโลยีสารสนเทศรหัสวิชาชื่อวิชาหน่วยกิต(บรรยาย -ปฏิบัติ-ศึกษาด้วยตนเอง)",,,3(2-2-5),25;26;36;43;88;336,20;21;31;38;83;331,6
IT,06016419,โครงสร้างพื้นฐานเครือข่ายการสื่อสาร,COMMUNICATION NETWORK INFRASTRUCTURE,,,3(2-2-5),25;35;42;337,20;30;37;332,4
IT,06016420,ระบบโครงสร้างพื้นฐานและการบริการ,INFRASTRUCTURE SYSTEMS AND SERVICES,,,3(2-2-5),25;35;42;338,20;30;37;333,4
IT,06016421,ความมั่นคงปลอดภัยโครงสร้างพื้นฐานทางเทคโนโลยีสารสนเทศ,INFORMATION TECHNOLOGY INFRASTRUCTURE,,,3(3-0-6),25;36;43;338,20;31;38;333,4
IT,06016422,อินเทอร์เน็ตของสรรหสิ่ง,INTERNETOF THINGS,,,3(2-2-5),25;36;43;339,20;31;38;334,4
IT,06016423,การออโตเมชั่นและโครงสร้างพื้นฐานที่สามารถโปรแกรมได้,INFRASTRUCTURE PROGRAMMABILITYAND,,,3(2-2-5),25;36;43;340,20;31;38;335,4
IT,06016424,การออกแบบส่วนต่อประสานกับมนุษย์,HUMAN INTERFACE DESIGN,,,3(3-0-6),26;35;42;340,21;30;37;335,4
IT,06016425,พื้นฐานการออกแบบทัศนศิลป์สําหรับสื่อปฏิสัมพันธ์,VISUAL DESIGN FUNDAMENTALS FOR INTERACTIVE MEDIA,,,3(2-2-5),26;35;42;341,21;30;37;336,4
IT,06016426,คลอมพิวเตอร์กราฟิกส์และแอนิเมชัน,COMPUTERGRAPHICS ANDANIMATION,,,3(2-2-5),26;36;43;341,21;31;38;336,4
IT,06016427,การออกแบบและพัฒนาเกมเบื้องต้น,INTRODUCTION TO GAME DESIGN AND DEVELOPMENT,,,3(2-2-5),26;36;43;342,21;31;38;337,4
IT,06016428,การพัฒนาและออกแบบโปรแกรมบริการแบบจุลภาค,MICROSERVICE DESIGN AND DEVELOPMENT,,,3(2-2-5),26;30;342;390,21;25;337;385,4
IT,06016429,การพัฒนาเว็บฝั่งไคลเอนต์,CLIENT-SIDE WEB DEVELOPMENT,,,3(2-2-5),26;30;343;390,21;25;338;385,4
IT,06016430,การพัฒนาคลาวด์แอปพลิเคชัน,CLOUD APPLICATION DEVELOPMENT,,,3(2-2-5),26;30;343;390,21;25;338;385,4
IT,06016431,การโปรแกรมอุปกรณ์เคลื่อนที่,"MOBILE DEVICE PROGRAMMING""",,,3(2-2-5),26;344;390,21;339;385,3
IT,06016432,การทวนสอบและตรวจสอบซอฟต์แวร์,SOFTWARE VERIFICATION AND VALIDATION,,,3(3-0-6),26;344;390,21;339;385,3
IT,06016433,การทดสอบอัตโนมัติในรูปแบบอไจล์,AUTOMATION TESTING IN AGILE,,,3(2-2-5),26;344;390,21;339;385,3
IT,06016434,การทดสอบการยอมรับของเว็บ,WEB ACCEPTANCETESTING,,,3(2-2-5),26;345;390,21;340;385,3
IT,06016435,องค์ประกอบสําคัญของวิทยาการข้อมูล,ELEMENTS OF DATA SCIENCE,,,3(2-2-5),26;345;390,21;340;385,3
IT,06016436,การแสดงข้อมูลด้วยแผนภาพ,,,,3(2-2-5),27;346;390,22;341;385,3
IT,06016437,โครงสร้างพื้นฐานที่น่าเชื่อถือและขยายตัวได้,RELIABLE AND SCALABLE INFRASTRUCTURE,,,3(3-0-6),27;346;390,22;341;385,3
IT,06016438,ความปลอดภัยสําหรับระบบคลาวด์,CLOUD SECURITY,,,3(3-0-6),27;347;390,22;342;385,3
IT,06016439,เทคโนโลยีเครือข่ายไร้สาย,WIRELESS NETWORKTECHNOLOGY,,,3(3-0-6),27;30;347;390,22;25;342;385,4
IT,06016440,การออกแบบเครือข่ายสารสนเทศ,INFORMATION NETWORKDESIGN,,,3(3-0-6),27;30;348;390,22;25;343;385,4
IT,06016441,ประสิทธิภาพเครือข่ายและระบบ,NETWORKAND SYSTEM PERFORMANCE,,,3(3-0-6),27;30;348;390,22;25;343;385,4
IT,06016442,การออกแบบฮาร์ดแวร์สําหรับอินเทอร์เน็ตแห่งสรรพสิ่ง,INTERNETOFTHINGS HARDWARE DESIGN,,,3(2-2-5),27;349;390,22;344;385,3
IT,06016443,การวิเคราะห์ข้อมูลและแอปหลิเคชันสําหรับอินเทอร์เน็ตแห่งสรรพสิ่ง,INTERNETOFTHINGS DATAANALYTICS ANDAPPLICATIONS,,,3(2-2-5),27;349;390,22;344;385,3
IT,06016444,การออกแบบเว็บ,WEB DESIGN,,,3(2-2-5),27;350;390,22;345;385,3
IT,06016445,การเขียนสคริปต์ขั้นสูงสําหรับการออกแบบ,ADVANCED SCRIPTING FOR DESIGN,,,3(2-2-5),27;350;390,22;345;385,3
IT,06016446,การออกแบบเกม,GAME DESIGN,,,3(3-0-6),27;30;351;390,22;25;346;385,4
IT,06016447,การพัฒนาเกมขั้นต้นด้วยเกมเอนจิ้น,FUNDAMENTAL GAME DEVELOPMENTWITH GAME ENGINE,,,3(2-2-5),27;30;351;352;390,22;25;346;347;385,5
IT,06016448,การพัฒนาเกมขั้นสูงด้วยเกมเอนจิ้น,ADVANCED GAME DEVELOPMENTWITH GAME ENGINE,,,3(2-2-5),27;30;351;390,22;25;346;385,4
IT,06016449,เกมมิฟิเคชัน,,,,3(3-0-6),27;90;352;390,22;85;347;385,4
IT,06016450,การพัฒนาเกมด้วยเทคโนโลยีเสมือนจริง,GAME DEVELOPMENTWITH REALITYTECHNOLOGY,,,3(2-2-5),27;352;390,22;347;385,3
IT,06016451,การบริหารทรัพยากรองค์กร,ENTERPRISE RESOURCE PLANNING,,,3(3-0-6),27;353;391,22;348;386,3
IT,06016452,การจัดการห่วงโซ่อุปทานและโลจิสติกส์,SUPPLYCHAIN MANAGEMENTAND LOGISTICS,,,3(3-0-6),28;353;391,23;348;386,3
IT,06016453,การบริหารระบบลูกค้าสัมพันธ์,CUSTOMER RELATIONSHIP MANAGEMENT,,,3(3-0-6),28;354;391,23;349;386,3
IT,06016454,เครื่องมือยูเอ็กซ์และการพัฒนาซอฟต์แวร์สําหรับธุรกิจติจิทัล,UXTOOLS AND SOFTWARE DEVELOPMENT FOR DIGITAL,,,3(3-0-6),28;354;391,23;349;386,3
IT,06016455,การวิเคราะห์พฤติกรรมลูกค้า,CUSTOMER BEHAVIORANALYSIS,,,3(3-0-6),28;355;391,23;350;386,3
IT,06016456,แบบจําลองธุรกิจ,BUSINESS MODEL,,,3(3-0-6),28;355;391,23;350;386,3
IT,06016457,ระบบฐานข้อมูลขั้นสูง,ADVANCED DATABASE SYSTEMS,,,3(3-0-6),28;356;391,23;351;386,3
IT,06016458,การดูแลและบํารุงรักษาระบบฐานข้อมูล,DATABASE SYSTEM MAINTENANCE AND ADMINISTRATION,,,3(2-2-5),28;356;391,23;351;386,3
IT,06016459,การรับรองมาตรฐานและคุณภาพซอฟต์แวร์,SOFTWARE STANDARDAND QUALITYASSURANCE,,,3(3-0-6),28;357;391,23;352;386,3
IT,06016460,ปัญญาประดิษฐ์,ARTIFICIAL INTELLIGENCE,,,3(3-0-6),28;357;391,23;352;386,3
IT,06016461,การประมวลผลภาษาธรรมชาติเบื้องต้น,INTRODUCTION TO NATURAL LANGUAGE PROCESSING,,,3(3-0-6),28;358;391,23;353;386,3
IT,06016462,เทคโนโลยีสื่อสารเคลื่อนที่,MOBILE COMMUNICATION TECHNOLOGY,,,3(3-0-6),28;358;391,23;353;386,3
IT,06016463,เทคโนโลยีการคํานวณด้วยคอมพิวเตอร์แบบผสมผสาน,HYBRID COMPUTINGTECHNOLOGY,,,3(3-0-6),28;359;391,23;354;386,3
IT,06016464,ความมั่นคงปลอดภัยไซเบอร์ทางปฏิบัติ,PRACTICAL CYBER SECURITY,,,3(2-2-5),28;359;391,23;354;386,3
IT,06016465,การออกแบบศูนย์ข้อมูล,DATA CENTER DESIGN,,,3(3-0-6),28;360;391,23;355;386,3
IT,06016466,การแก้ไขปัญหาระบบและเครือข่าย,NETWORKAND SYSTEM TROUBLE SHOOTING,,,3(0-6-3),28;360;391,23;355;386,3
IT,06016467,การแปลงข้อมูลและการรู้จํารูปภาพ,,,,3(3-0-6),28;361;391,23;356;386,3
IT,06016468,การเรียนรู้เชิงลึกสําหรับการวิเคราะห์ภาพและวีดิโอทางการแพทย์,DEEP LEARNING IN MEDICAL IMAGE AND VIDEO ANALYSIS,,,3(3-0-6),29;361;391,24;356;386,3
IT,06016469,การวิเคราะห์ข้อมูลสุขภาพเบื้องต้น,INTRODUCTION TO HEALTHCARE DATAANALYTICS,,,3(3-0-6),29;91;362;391,24;86;357;386,4
IT,06016470,การได้มาและการจัดการข้อมูลทางด้านคลินิก,CLINICAL DATAACQUISITION AND MANAGEMENT,,,3(2-2-5),29;362;391,24;357;386,3
IT,06016471,การวิเคราะห์ข้อมูลขนาดใหญ่,BIG DATAANALYSIS,,,3(2-2-5),29;363;391,24;358;386,3
IT,06016472,กระบวนการอัตโนมัติด้วยโรบอต,ROBOTIC PROCESS AUTOMATION,,,3(3-0-6),29;363;391,24;358;386,3
IT,06016473,หัวข้อพิเศษทางด้านเทคโนโลยีสารสนเทศ 1,SPECIAL TOPICS IN INFORMATION TECHNOLOGY 1,,,3(3-0-6),29;364;391,24;359;386,3
IT,06016474,หัวข้อพิเศษทางด้านเทคโนโลยีสารสนเทศ 2,SPECIAL TOPICS IN INFORMATION TECHNOLOGY 2,,,3(3-0-6),29;364;391,24;359;386,3
IT,06016475,หัวข้อพิเศษทางด้านเทคโนโลยีสารสนเทศ 3,SPECIAL TOPICS IN INFORMATION TECHNOLOGY 3,,,3(3-0-6),29;364;391,24;359;386,3
IT,06016476,หัวข้อพิเศษทางด้านเทคโนโลยีสารสนเทศ 4,SPECIAL TOPICS IN INFORMATION TECHNOLOGY 4,,,3(3-0-6),29;365;391,24;360;386,3
IT,06016477,ปฏิบัติการพิเศษทางด้านเทคโนโลยีสารสนเทศ 1,SPECIAL WORKSHOP IN INFORMATION TECHNOLOGY 1,,,3(2-2-5),29;365;391,24;360;386,3
IT,06016478,ปฏิบัติการพิเศษทางด้านเทคโนโลยีสารสนเทศ 2,SPECIAL WORKSHOP IN INFORMATION TECHNOLOGY 2,,,3(2-2-5),29;365;392,24;360;387,3
IT,06016479,ปฏิบัติการพิเศษทางด้านเทคโนโลยีสารสนเทศ 3,SPECIAL WORKSHOP IN INFORMATION TECHNOLOGY 3,,,3(2-2-5),29;366;392,24;361;387,3
IT,06016480,ปฏิบัติการพิเศษทางด้านเทคโนโลยีสารสนเทศ 4,SPECIAL WORKSHOP IN INFORMATION TECHNOLOGY 4,,,3(2-2-5),29;366;392,24;361;387,3
IT,06066000,คณิตศาสตร์ไม่ต่อเนื่อง,DISCRETE MATHEMATICS,,,3(3-0-6),23;34;41;367;386,18;29;36;362;381,5
IT,06066001,ความน่าจะเป็นและสถิติ,PROBABILITYAND STATISTICS,,,3(3-0-6),23;33;40;368;386,18;28;35;363;381,5
IT,06066100,การบริหารโครงการเทคโนโลยีสารสนเทศ,INFORMATION TECHNOLOGY PROJECTMANAGEMENT,,,3(3-0-6),23;37;45;368;386,18;32;40;363;381,5
IT,06066101,พื้นฐานทางธุรกิจสําหรับเทคโนโลยีสารสนเทศ,BUSINESS FUNDAMENTALS FOR INFORMATION,,,3(3-0-6),23;33;40;355;368;369;386,18;28;35;350;363;364;381,7
IT,06066102,ระบบสารสนเทศเพื่อการจัดการ,"MANAGEMENTINFORMATION SYSTEMS
- กลุ่มเทคโนโลยีเพื่องานประยุกต์ 27 หน่วยกิตรหัสวิชาชื่อวิชาหน่วยกิต(บรรยาย -ปฏิบัติ-ศึกษาด้วยตนเอง )",,,3(3-0-6),23;36;43;369;386,18;31;38;364;381,5
IT,06066300,แนวคิดระบบฐานข้อมูล,DATABASE SYSTEM CONCEPTS,,,3(2-2-5),24;34;41;356;369;386,19;29;36;351;364;381,6
IT,06066301,โครงสร้างข้อมูลและอัลกอริทีม,,,,3(2-2-5),24;33;40;370;386,19;28;35;365;381,5
IT,06066302,การเขียนโปรแกรมเว็บพื้นฐาน,FUNDAMENTALWEB PROGRAMMING,,,3(2-2-5),24;35;42;343;350;370;386,19;30;37;338;345;365;381,7
IT,06066303,การแก้ปัญหาและการโปรแกรมคอมพิวเตอร์,"PROBLEM SOLVING AND COMPUTER PROGRAMMING
- กลุ่มโครงสร้างพื้นฐานของระบบ 9 หน่วยกิตรหัสวิชาชื่อวิชาหน่วยกิต(บรรยาย -ปฏิบัติ- ศึกษาด้วยตนเอ ง)",,,3(2-2-5),24;32;39;371;387,19;27;34;366;382,5
IT,06066304,การวิเคราะห์และออกแบบระบบสารสนเทศ,"INFORMATION SYSTEM ANALYSIS AND DESIGN
- กลุ่มเทคโนโลยีและวิธีการทางซอฟต์แวร์ 12 หน่วยกิตรหัสวิชาชื่อวิชาหน่วยกิต(บรรยาย -ปฏิบัติ- ศึกษาด้วยตนเอ ง)",,,3(3-0-6),24;34;41;344;371;387,19;29;36;339;366;382,6
IT,90641001,โรงเรียนสร้างเสน่ห์,CHARM SCHOOL,,,2(1-2-3),21;32;39;138;140;166;249;277;384,16;27;34;133;135;161;244;272;379,9
IT,90641002,ความฉลาดทางดิจิทัล,DIGITAL INTELLIGENCE QUOTIENT,,,3(3-0-6),21;33;40;138;140;166;249;277;384,16;28;35;133;135;161;244;272;379,9
IT,90641003,กีฬาและนันทนาการ,"SPORTS AND RECREATIONAL ACTIVITIES
*การประเมินผลในกลุ่มรายวิชาบังคับทั้ง 3 รายวิชาจะใช้เกณฑ์ผลการเรียนเป็นผ่าน (5) หรือไม่ผ่าน (U)
2 กลุ่มวิชาด้านภาษาและการสื่อสาร 9 หน่วยกิตรหัสวิชาชื่อวิชาหน่วยกิต(บรรยาย -ปฏิบัติ- ศึกษาด้วยตนเอ ง)",,,1(0-3-2),22;32;39;138;140;166;249;277;384,17;27;34;133;135;161;244;272;379,9
IT,90642033,กฎหมายสําหรับคนรุ่นใหม่,LAWFOR NEWGENERATION,,,3(3-0-6),22;37;45;141;176;273;384,17;32;40;136;171;268;379,7
IT,90643021,ผู้ประกอบการสมัยใหม่,MODERN ENTREPRENEURS,,,3(3-0-6),22;38;44;149;216;270;272;273;384,17;33;39;144;211;265;267;268;379,9
IT,90644007,ภาษาอังกฤษพื้นฐาน 1,FOUNDATION ENGLISH 1,,,3(3-0-6),22;32;39;138;151;224;384,17;27;34;133;146;219;379,7
IT,90644008,ภาษาอังกฤษพื้นฐาน 2,"FOUNDATION ENGLISH 2
90644๐๐ให้นักศึกษาเลือกเรียนตามรายวิชาที่สถาบันเทคโนโลยีพระจอมเกล้าเจ้าคุณทหารลาดกระบังเปิดสอน (ภาคผนวก ง) รวม 3 หน่วยกิต
*การประเมินผลในกลุ่มรายวิชาบังคับทั้ง 2 รายวิชาจะใช้เกณฑ์ผลการเรียนเป็นผ่าน (5) หรือไม่ผ่าน (บ)",,,3(3-0-6),22;33;40;138;151;224;384,17;28;35;133;146;219;379,7
IT,90644042,การสื่อสารและการนําเสนออย่างมืออาชีพ,"PROFESSIONAL COMMUNICATION AND PRESENTATION
2 กลุ่มวิชาเลือกหมวดวิชาศึกษาทั่วไป 6 หน่วยกิตรหัสวิชาชื่อวิชาหน่วยกิต(บรรยาย-ปฏิบัติ- ศึกษาด้วยตนเอ ง)",,,3(3-0-6),22;37;45;152;233;273;274;384,17;32;40;147;228;268;269;379,8
BIT,06036100,พื้นฐานทางด้านเทคโนโลยีสารสนเทศ,INFORMATION TECHNOLOGY FUNDAMENTALS,,,3(2-2-5),21;26;31;74;238,16;21;26;69;233,5
BIT,06036101,คณิตศาสตร์สําหรับธุรกิจ,MATHEMATICS FOR BUSINESS,,,3(3-0-6),21;26;31;74;238,16;21;26;69;233,5
BIT,06036102,การวิเคราะห์เชิงสถิติสําหรับธุรกิจ,,,,3(3-0-6),21;27;32;74;239;268,16;22;27;69;234;263,6
BIT,06036103,STATISTICAL ANALYSIS FOR BUSINESS,"บูรณาการเทคนิคเชิงสถิติสําหรับธุรกิจ 3(3-0-6)
INTEGRATION OF STATISTICAL TECHNIQUES FOR",,,,21;27;32;74;239;268,16;22;27;69;234;263,6
BIT,06036104,องค์กรและการจัดการ,,,,3(3-0-6),22;27;32;74;240,17;22;27;69;235,5
BIT,06036105,บัญชีการเงินสําหรับผู้มิใช่นักบัญชี,FINANCIALACCOUNTING FORNON-ACCOUNTANTS,,,3(3-0-6),22;27;32;74;240;268,17;22;27;69;235;263,6
BIT,06036106,การจัดการข้อมูลธุรกิจและเทคโนโลยีเกิดใหม่,MANAGING BUSINESS INFORMATION AND EMERGING,,,3(3-0-6),22;29;34;74;241;268,17;24;29;69;236;263,6
BIT,06036107,การบริหารโครงการเทคโนโลยีสารสนเทศ,,,,3(3-0-6),22;28;33;74;241,17;23;28;69;236,5
BIT,06036108,เศรษฐศาสตร์เทคโนโลยีสารสนเทศ,,,,3(3-0-6),22;28;33;74;242,17;23;28;69;237,5
BIT,06036109,กระบวนการและโมเดลทางธุรกิจ,BUSINESS PROCESSESAND BUSINESSMODEL,,,3(3-0-6),22;27;32;74;242;269,17;22;27;69;237;264,6
BIT,06036110,การวางแผนทรัพยากรองค์กร,ENTERPRISE RESOURCE PLANNING,,,3(3-0-6),22;28;33;74;243,17;23;28;69;238,5
BIT,06036111,เทคโนโลยีดิจิทัลสําหรับธุรกิจ,"DIGITAL TECHNOLOGY FOR BUSINESS
- กลุ่มเทคโนโลยีเพื่องานประยุกต์ 24 หน่วยกิตรหัสวิชาชื่อวิชาหน่วยกิต(บรรยาย -ปฏิบัติ-ศึกษาด้วยตนเอง )",,,3(3-0-6),22;28;33;74;243,17;23;28;69;238,5
BIT,06036112,แนวคิดระบบฐานข้อมูล,,,,3(2-2-5),22;28;33;74;243;249,17;23;28;69;238;244,6
BIT,06036113,การออกแบบส่วนต่อประสานกับมนุษย์,HUMAN INTERFACE DESIGN,,,3(3-0-6),22;28;33;75;244,17;23;28;70;239,5
BIT,06036114,การพัฒนาเว็บแอปพลิเคชันโดยใช้เฟรมเวิร์ก,WEBAPPLICATION DEVELOPMENTUSING FRAMEWORKS,,,3(2-2-5),22;28;33;244;269,17;23;28;239;264,5
BIT,06036115,ความมั่นคงของระบบสารสนเทศ,INFORMATION SYSTEM SECURITY,,,3(3-0-6),22;29;35;245;269,17;24;30;240;264,5
BIT,06036116,การตลาดเชิงดิจิทัล,DIGITAL MARKETING,,,3(2-2-5),22;29;34;75;245,17;24;29;70;240,5
BIT,06036117,อัจฉริยะทางธุรกิจและข้อมูลขนาดใหญ่,BUSINESS INTELLIGENCEAND BIG DATA,,,3(3-0-6),22;27;32;245,17;22;27;240,4
BIT,06036118,การแก้ปัญหาทางด้านเทคโนโลยีสารสนเทศ,PROBLEM SOLVING IN INFORMATIONTECHNOLOGY,,,3(2-2-5),23;26;31;246,18;21;26;241,4
BIT,06036119,พื้นฐานการเขียนโปรแกรม,PROGRAMMING FUNDAMENTALS,,,3(2-2-5),23;27;32;75;244;246;270,18;22;27;70;239;241;265,7
BIT,06036120,หลักการโครงสร้างข้อมูลและอัลกอริทีม,DATASTRUCTURESANDALGORITHMS PRINCIPLES,,,3(3-0-6),23;27;32;246,18;22;27;241,4
BIT,06036121,การวิเคราะห์และออกแบบระบบสารสนเทศทางธุรกิจ,BUSINESS INFORMATION SYSTEMANALYSISAND DESIGN,,,3(3-0-6),23;28;33;247;272,18;23;28;242;267,5
BIT,06036122,การสื่อสารด้วยภาพสําหรับธุรกิจ,VISUALCOMMUNICATION FOR BUSINESS,,,3(2-2-5),23;27;32;244;247,18;22;27;239;242,5
BIT,06036123,เทคโนโลยีกลุ่มเมฆ,- กลุ่มโครงสร้างพื้นฐานของระบบ 6 หน่วยกิตรหัสวิชาชื่อวิชาหน่วยกิต(บรรยาย -ปฏิบัติ-ศึกษาด้วยตนเอง ),,,3(3-0-6),23;28;33;248;270;273,18;23;28;243;265;268,6
BIT,06036124,เครื่อข่ายคอมพิวเตอร์และความมั่นคงทางไซเบอร์เบื้องต้น,,,,3(3-0-6),23;28;33;75;248;270,18;23;28;70;243;265,6
BIT,06036125,สถาปัตยกรรมคอมพิวเตอร์และระบบปฏิบัติการ,COMPUTERARCHITECTUREANDOPERATING SYSTEM,,,3(2-2-5),23;27;32;248;270,18;22;27;243;265,5
BIT,06036126,วิศวกรรมความต้องการ,,,,3(3-0-6),23;249,18;244,2
BIT,06036127,ระบบฐานข้อมูลขั้นสูง,ADVANCED DATABASE SYSTEMS,,,3(3-0-6),23;75;249,18;70;244,3
BIT,06036128,การเรียนรู้ของเครื่องจักร,MACHINE LEARNING,,,3(3-0-6),23;75;250,18;70;245,3
BIT,06036129,การกํากับดูแลด้านเทคโนโลยีสารสนเทศ,,,,3(3-0-6),23;75;250,18;70;245,3
BIT,06036130,เทคโนโลยีเชิงอ็อบเจกต์,,,,3(3-0-6),24;75;251;273,19;70;246;268,4
BIT,06036131,การพัฒนาโปรแกรมประยุกต์บนอุปกรณ์เคลื่อนที่,MOBILEAPPLICATION DEVELOPMENT,,,3(2-2-5),24;251;272,19;246;267,3
BIT,06036132,หัวข้อพิเศษทางด้านเทคโนโลยีสารสนเทศทางธุรกิจ 1,"SPECIALTOPICS IN BUSINESS INFORMATION
TECHNOLOGY 1",,,3(3-0-6),24;76;251;273,19;71;246;268,4
BIT,06036133,หัวข้อพิเศษทางด้านเทคโนโลยีสารสนเทศทางธุรกิจ 2,"SPECIALTOPICS IN BUSINESS INFORMATION
TECHNOLOGY2",,,3(3-0-6),24;76;252;273,19;71;247;268,4
BIT,06036134,ปฏิบัติการพิเศษทางด้านเทคโนโลยีสารสนเทศทางธุรกิจ 1,"SPECIALWORKSHOP IN BUSINESS INFORMATION
TECHNOLOGY 1",,,3(2-2-5),24;76;252,19;71;247,3
BIT,06036135,ปฏิบัติการพิเศษทางด้านเทคโนโลยีสารสนเทศทางธุรกิจ 2,"SPECIALWORKSHOP IN BUSINESS INFORMATION
TECHNOLOGY2
- กลุ่มวิชากลุ่มวิชาที่1 : การวิเคราะห์เซชิงธุรกิจ (Business Analysis)",,,3(2-2-5),24;76;252,19;71;247,3
BIT,06036136,กระบวนการอัตโนมัติด้วยโรบอตสําหรับธุรกิจ,ROBOTIC PROCESSAUTOMATION FOR BUSINESS,,,3(3-0-6),24;252;271,19;247;266,3
BIT,06036137,การวิเคราะห์ธุรกิจและการพัฒนาข้อกําหนด,"BUSINESSANALYSISAND DEVELOPING REQUIREMENTS
กลุ่มวิชาที่ 2 : ระบบระดับองค์กร (Enterprise System, Business Process
Improvement)",,,3(3-0-6),24;253;271,19;248;266,3
BIT,06036138,การจัดการความรู้ระดับองค์กร,,,,3(3-0-6),24;253,19;248,2
BIT,06036139,การบริหารระบบลูกค้าสัมพันธ์,CUSTOMERRELATIONSHIP MANAGEMENT,,,3(3-0-6),24;76;253,19;71;248,3
BIT,06036140,การจัดการโซ่อุปทานและโลจิสติกส์,SUPPLYCHAIN MANAGEMENTAND LOGISTICS,,,3(3-0-6),24;254,19;249,2
BIT,06036141,เครื่องมือและเทคนิคสําหรับการตลาดเชิงดิจิทัล,,,,3(3-0-6),25;254,20;249,2
BIT,06036142,การตลาดเซิงดิจิทัลขั้นสูง,"ADVANCED DIGITAL MARKETING
กลุ่มวิชาที่4 : การออกแบบและพัฒนาส่วนติดต่อกับผู้ใช้งาน (ป%/ป0",,,3(3-0-6),25;255,20;250,2
BIT,06036143,การเก็บความต้องการและสร้างต้นแบบในด้านยูเอ็กซ์ยูไอ,UX/UI REQUIREMENTAND PROTOTYPING,,,3(3-0-6),25;76;255;272,20;71;250;267,4
BIT,06036144,การประเมินส่วนต่อประสานผู้ใช้,"EVALUATING USER INTERFACE
ค. หมวดวิชาเลือกเสรี 6 หน่วยกิตเลือกเรียนจากรายวิชาที่เปิดสอนในสถาบันเทคโนโลยีพระจอมเกล้าเจ้าคุณทหารลาดกระบังจํานวนไม่น้อยกว่า 6 หน่วยกิต",,,3(3-0-6),25;255,20;250,2
BIT,06036145,โครงงานทางด้านเทคโนโลยีสารสนเทศเชิงธุรกิจ 1,PROJECT IN BUSINESS INFORMATION TECHNOLOGY 1,,,3(0-9-0),22;29;256,17;24;251,3
BIT,06036146,โครงงานทางด้านเทคโนโลยีสารสนเทศเชิงธุรกิจ 2,"PROJECT IN BUSINESS INFORMATION TECHNOLOGY2
- กลุ่มเทคโนโลยีและวิธีการทางซอฟต์แวร์ 18 หน่วยกิตรหัสวิชาชื่อวิชาหน่วยกิต(บรรยาย -ปฏิบัติ- ศึกษาด้วยตนเอ ง )",,,3(0-9-0),23;29;256,18;24;251,3
BIT,96641001,โรงเรียนสรางเสนหท์*,CHARM SCHOOL,,,2(1-2-3),20;26;31;122;124;143;267,15;21;26;117;119;138;262,7
BIT,96641002,ความฉลาดทางดิจิทัล*,DIGITAL INTELLIGENCE QUOTIENT,,,3(3-0-6),20;27;32;122;124;143;267,15;22;27;117;119;138;262,7
BIT,96641003,กีฬาและนันทนาการ*,"SPORTS AND RECREATIONAL ACTIVITIES
* การประเมินผลในรายวิชาทั้ง3 รายวิชาจะใช้เกณฑ์ผลการเรียนเป็นผ่าน (5) หรือไม่ผ่าน (U)",,,1(0-3-2),20;26;31;122;124;143;202;267,15;21;26;117;119;138;197;262,8
BIT,96642033,กฎหมายสําหรับคนรุนใหม่,,,,3(3-0-6),21;29;35;125;150;215;267,16;24;30;120;145;210;262,7
BIT,96643021,ผูประกอบการสมัยใหม่,MODERN ENTREPRENEURS,,,3(3-0-6),21;29;34;129;177;215;267,16;24;29;124;172;210;262,7
BIT,96644007,ภาษาอังกฤษพื้นฐาน 1*,FOUNDATION ENGLISH 1,,,3(3-0-6),20;26;31;129;182;209;267,15;21;26;124;177;204;262,7
BIT,96644008,ภาษาอังกฤษพื้นฐาน 2*,"FOUNDATION ENGLISH 2
9664dxxx จิชาเลือกด้านภาษาและการสือสาร** 3 (3-0-6)
ELECTIVE IN LANGUAGEAND COMMUNICATION หรือ 3 (2-2-5)
*รายวิชาบังคับเลือกเรียน 2 วิชา (จากกลุ่มวิชาเลือกหมวดวิชาการศึกษาทั่วไป)
**ให้นักศึกษาเลือกเรียนตามรายวิชาในหมวดวิชาศึกษาทั่วไปสําหรับหลักสูตรนานาชาติ (พ.ศ, 2564)
(ภาคผนวก ง)",,,3(3-0-6),20;27;32;129;183;267,15;22;27;124;178;262,6
BIT,96644042,การสื่อสารและการนําเสนออยางมืออาชีพ,PROFESSIONALCOMMUNICATION AND PRESENTATION,,,3(3-0-6),21;26;31;130;189;215;216;267,16;21;26;125;184;210;211;262,8
AIT,06046400,แคลคลัส166แ๕บเบรฏ // LOU Al Tb AL | ( ๐ 70,,,,,19;23;37;287,14;18;32;282,4
AIT,06046401,แคลัคลัสุะ2,CALCULUS2,,,3(3-0-6),19;23;37;287;292,14;18;32;282;287,5
AIT,06046402,พีชคณิตเชิงเส้น,,,,3(3-0-6),19;23;37;288;292,14;18;32;283;287,5
AIT,06046403,การโปรแกรมคอมพิวเตอร์,COMPUTER PROGRAMMING,,,3(2-2-5),20;37;289,15;32;284,3
AIT,06046404,2 หัวิฐิจของรรว)ด NANI ---,"Ve everlos pane <i. ——— จ
/ ome FUNDAMENTAL OREMBEDDEDoySTEM— —
bi __<tl ale % เหฉะฑ์
[กลุ่มวิชาพีนิฐานปัญญาประติษฐ์ Ad] หลจ 33 หน่วยกิต
i’ oa Pas ~ ~
INAIV] L- F-19101 227 เล (บรรยยยปฏิบัติ-ศึกษาด้วยตนเอง)
เลเพห eee LEAN สวาหคด 1
=06046495 ) เกกรเรเขผมงสาตาจกg 1 ง 2(3-0-6)
q ฆา ‘ มสนณันๆงab, จ cee tiara) NENRNINGS วฏี 27 5 \\
Fina mm al Wtex wick จสมี๒ญ่
1| -20608464 6 ป!โนฐกนอ iss \ฉู๊เศ FAGพ
C3 7 เรไดแล. สู[1” tic ||
€060aba07 สักร' คด๕=(0อจ ~ =f Fa 9 1
โณ oe ave PRE I
66046408โอ“ไรนติดงข้อมูลตัวยี้ปี่ยนภาพ alate 3 (2!2-5)
วอ“ รจกซ้เศ . ป Ac 4
B,C RAONC /
06046409. คอมพิวเตอ่ร์วิทัศน์เบื้องต้น 1» น % (3-0-6)
“0อ SN Se el: 7 ๐
INTRODUCTIONSTO.COMPUTERAVISION",,,3(3-0-6),20;23;37;291,15;18;32;286,4
AIT,06046405,การเรียนรู้ของเครื่องเชิงความน่าจะเป็ชิจมู «ฉิ 0. 0 “ซ์ OZwy“2 dh 4,"(PROBABILISTICMACHINELEARNING) QE/Ye “ซี CNณ์%/
ดม — ค -_ ไดม Ed
06046006พื้นฐานการเรียนรู้เชิงลึก (FUNDAMENTALS OFNSS |_| “อ32]9, | ”%:5๐ |
DEEPLEARNING) >SSคงLING —2",,,,24;37;291,19;32;286,3
AIT,06046406,พื้นฐานการเรียนรู้เชิงลึก,"FUNDAMENTALS OF DEEP LEARNING
วิชาบังคับก่อน : 06046401 แคลคูลัส 2, 06046402 พีชคณิตเชิงเส้น
PREREQUISITE : 06046401 CALCULUS 2, 06046402 LINEAR
ฟังก์ชันของโครงข่ายประสาทการฝึกสอนโครงข่ายประสาทฟังก์ชันการสูญเสียการคํานวณข้อผิดพลาดแบบย้อนกลับเมทริกซ์เฮสเซียนอินวาเรียนซ์อิควิวาเรียนซ์การคํานวณอนุพันธ์อัตโนมัติเละเรื่องมือจาบรัชรีธีธีกีจี”
วสNetworkAN Wi orktraining}เงอ.Error
backpropagation#HessianOYWeGrigpce,deeplearninglibraries
andautomaticeR ~> ะๆ -
คตว t",,,3(3-0-6),24;292,19;287,2
AIT,06046407,พนฐานวิทยาการข้อมูลภณณ์OF ฟะล๐|9:waZ2: ๐= ~ \,DATASCIENCE) /# S| Pom Ue > Th แจ,,,,24;38;292,19;33;287,3
AIT,06046408,"การแสดงข้อมลด้วยแผนภาพ (DATA i (50 NEE ก % ฟ1:๐ 6 ๐-.๐""6๐งศศภา Ro Oe — ไง","VISUALIZATION) Cy el Sail whred | น
a saw 6 A ow fiw . ~ % ศ์ไอ“ Al ไคมแ“ ไฟฆณ {j=",,,,24;38;292,19;33;287,3
AIT,06046409,คอมพิวเตอร์วิทัศน์เบื้องต้น (nTRODUCTION Tob “อ: ะ 2 | ท 9?ป “Ny. ฏีมงน,"COMPUTERVISION) 1 . โว —|] ว Oar, Fall ve NLT Rss BP, \
Via Aan J นเมเจง 2 77 9 ม Sab «7
ซ่ซะรลง “ ra j",,,,20;24;38;293,15;19;33;288,4
AIT,06046410,"“"" ญารปรูชมวลผลภาษาธรรมชําติเบืองต้นผ CN","INTRODUCTIONTO BATA YS PROCESSING
Sony t AVAL EMAL WO”",,,3(3-0-6),20;24;38;293,15;19;33;288,4
AIT,06046411,การวิเคราะหแลัะเพมประสิทธิภาพเครอขาย,NETWORK*ANALYSIS:AND_OB IMIZATION,,,3(3-0-6),20;24;38;294,15;19;33;289,4
AIT,06046412,การเพิ่มประสิทธิภาพโครงข่ายประสาทเทียม,NEURAL NETWORKOPTIMIZATION,,,3(3-0-6),20;24;38;295,15;19;33;290,4
AIT,06046413,ปัญญาประดิษฐ์และอินเทอร์เน็ตประสานสรรพหสิง,ARTIFICIAL INTELLIGIENCE AND INTERNET OF THING,,,3(3-0-6),20;24;38;295,15;19;33;290,4
AIT,06046414,การประมวลผลภาษาธรรมชาติด้วยการเรียนรู้เชิงลึก,NATURAL LANGUAGE PROCESSING WITH DEEP,,,3(3-0-6),20;25;38;295,15;20;33;290,4
AIT,06046415,การประมวลผลสัญญาณ,"SIGNAL PROCESSING
กลุ่มวิชาเลือกเทคโนโลยีปัญญาประดิษฐ์เฉพาะทาง 12 หน่วยกิตรหัสวิชาชื่อวิชาหน่วยกิต (บรรยาย -ปฏิบัติ-ศึกษาด้วยตนเอง )",,,3(3-0-6),21;25;38;296,16;20;33;291,4
AIT,06046416,การเรียนรู้เชิงลึกสําหรับคอมพิวเตอร์วิทัศน์,DEEP LEARNING FORCOMPUTERVISION,,,3(3-0-6),21;38;296,16;33;291,3
AIT,06046417,การประมาอผลภาพ,"วอลง is
0604641874 maizysiguuus ล ana AGGipeyiueus 3 (3-0-6)
ee eho",,,3(3-0-6),21;38,16;33,2
AIT,06046418,การระบุตําแหน่งและการสร้างแผนที่ขอรหุ่น็๊ยนต์๐อ๐ 66260-29-- ~,"(ROBOTLOCALIZATIONANDMAPPING) A _ |Pom Ute: S21 Th Xe
06046419การเรียนรู้แบบเสริมกําลัง (REINFORCEMENT |e|! ๐๑๐6: ๐ฝา 5@-. ๐0' 6๐จ
LEARNING) Mt - Cวนั๋PileREGa fy IN",,,,21;39;298,16;34;293,3
AIT,06046419,โวิรเรียนรู้แบบเยรูมิกกล้ง es ร,"ค ome§ยนยนะ : ซ่ - —— |
ฮ่ INEORCEMENTg¢LEARNING -
/ aah DAZA VSRT 2 fp
yf06046420 ue ~~ 3*(3-0-6)
- f ~
-ซ1[บัยธ์5ถีตดแพตดไอ SYTEMSกศัoe \\
t r จม ar ติจับลิง“7 “ ~
0604642 เกรรเราช์วล์คค์รรดาตินนสโป 2? (3-0-6)
o pp ข่ๆ -
WV le ANCEDNsfukatclaRROCEBSING nN 7) \\
== 06046422 S88bY NEE ee ๒ 4 8830:5)
HA] iY ;
| ว 4.ใบมเรท:ฮานใด». หง [|
enh PAP ISATEOR ANS = CG",,,3(3-0-6),21;39;298,16;34;293,3
AIT,06046420,ระบบให้คําแนะนําอัจฉริยะกๆ GA 120SF310) เก๊ะ-๐๐-- FLO \,RECOMMENDATIONSYSTEMS) |ว “ซ์ได a7} Git) Gi) Siex แรสอด๒ด \,,,,21;39;298,16;34;293,3
AIT,06046421,"การประชําติขั้นสูง (ADVANCED == “/ อ 6” 4 ::อ6 จเซการปร| ร Neae A's ๐0, Pu, 9 [9119.WE, i","NATURALLANGUAGEPROCESSING) ๓๓ J4% [1 ษ์วจ Neh ASaeme NYS et
06046422จริยธรรมด้านปัญญาประดิษฐ์(ARTIFICIAD [eee Se YO aan เคห2 -๐-469) lo
INTELLIGIENCEETHICS) i\ วีห6 ใไปง111 PRSeT| (is เณย ว , เฟีว",,,,39;299,34;294,2
AIT,06046422,“จุริยธรรมด้านปัญญาประดิษฐ์2”,"โหละ BAGS
ARTIRCIAL INTELTIGIENCEโห้ด้ก๑วิชาบังคักกอนโจไม่มีแป Nn
PREREQUISITE : None
แนวคิดจริยธรรมปัญญาประดิษฐ์กฎหมายการคุ้มครองข้อมูลส่วนบุคคลลักษณะข้อมูลที่มีผลต่อจริยธรรมการพัฒนาอัลกอริทีมที่คํานึงถึงจริยธรรมกรณีศึกษาประเด็นจริยธรรมกับสังคม
Ethical concept artificial intelligence personal data protection laws
characteristics of information that affect ethics ethical algorithm development case
studies on ethical and social issues.",,,3(3-0-6),21;39;299,16;34;294,3
AIT,06046423,การออกแบบบริการด้านปู้ลญาประด์ษฐ์ ARTIBCIA เซ์ร์ ra Spat pO ๐ se | |,INTELLIGIENCEserviceวธรเดม)Wf & 2 4| เงจททกห 2 AllN ร 6 !,,,,21;39;300,16;34;295,3
AIT,06046424,ตรรกะและการแทนความรู้(ไอลด์(ให้ณ์๒จงุ or๕ c aD NI We / /,"KNOWLEDGE REPRESENTATION) “A ว๑ Jor at D ad de ๒๓ ,๒9 /",,,,39;300,34;295,2
AIT,06046425,โมเคลแบบกํามิด6พฉัปเบอน6 SAMO ROS-O ตี [oA (VR ae 7 |,"06046430หัวข้อคัดสรรด้านปัญญาประดิษ่ฐ์ECE=’ ๐พ ) เซ๐(ม rout if Ss y #/
TOPICSINARTIFICIALINTELLIGENCE1) ญู OwSATISEL ๒ Ae i nis VA",,,,39;300,34;295,2
AIT,06046430,หัวข้อคัดสรรด้านปัญญาประดิษฐ์ 1,"SELECTED TOPICS IN ARTIFICIAL INTELLIGENCE 1
วิชาบังคับก่อน : ไม่มี
PREREQUISITE : None
วิชานี้จะศึกษาถึงหัวข้อและความก้าวหน้าทางวิชาการด้านปัญญาประดิษฐ์ที่น่าสนใจโดยอาจารย์ผู้สอนเป็นผู้คัดเลือก
This course will cover recent advances and other topics of interest in
the field of the instructor",,,3(3-0-6),21;39;301,16;34;296,3
AIT,06046431,หัวข้อคัดสรรด้านปัญญาประดิษฐ์ 2 GERSON 9. ๐แห 75 AO Ew ’ VA,"TOPICSINARTIFICIALINTELLIGENCE2) NAOT C/o, al ะ«๑ 7",,,,39;301,34;296,2
AIT,06046432,หัวข้อคัดสรรตัววิปัญญาบระดธฐ์3,SELECTED TOPICS IN ARTIFICIAL INTELLIGENCE 3,,,3(3-0-6),21;40;301,16;35;296,3
AIT,06046433,หัวข้อคัดสรรด้านปัญญาประดิษฐ์ 4,SELECTED TOPICS IN ARTIFICIAL INTELLIGENCE 4,,,3(3-0-6),21;40;301,16;35;296,3
AIT,06046434,หัวข้อคัดสรรด้านปัญญาประดิษฐ์ 5,SELECTED TOPICS IN ARTIFICIAL INTELLIGENCE 5,,,3(3-0-6),21;40;302,16;35;297,3
AIT,06046435,หัวข้อคัดสรรด้านปัญญาประดิษฐ์ 6,SELECTED TOPICS IN ARTIFICIAL INTELLIGENCE 6,,,3(3-0-6),21;40;302,16;35;297,3
AIT,06046440,วิชาสัมมนาปัญญาประดิษฐ์,SEMINAR IN ARTIFICIAL INTELLIGENCE,,,3(2-2-5),22;25;40;302,17;20;35;297,4
AIT,06046441,โครงงานเทคโนโลยีปัญญาประดิษฐ์ 1,PROJECT IN ARTIFICIAL INTELLIGENCE TECHNOLOGY 1,,,3(0-9-0),22;40;303,17;35;298,3
AIT,06046442,โครงงานเทคโน้โล็ยีปัญญาประดิษัฐ์22,"Aas “wo”—
aaINSill ef come ECHNOLOGY2
ae . น % p iva e
060464437 ์ล็หกิจศึกษาทงเทูคโปโลยีปเนร์ะดิษฐ์ 6 (0-45-0)
หรอ <อ๐อ๕๕fi aR 1ปเปิม
- ~ eM
if TINTECLIGENCEGECHIQLORYHox ——
/ ——— Ja NTN ( rah a= b—_i—
/606046444.[รหหัฒ่นโลยีปัญญาประดิษฐ์ 6(0-45-0)
/, OVERSEACOOPERATI EDUCA ROM TTARTIEICIAL -
A ae VA ETAT NAY SS
ญ์ย์เตย์ ee NOLOGY Nd: ne
-ี 71 oR\IED, “ ~
Cufgayhเลือโตงทะ์sus ยําสู่หกagHeongอสบกจศีภษ์เต้างทรูท์กงเทคโนโลยี
Etés a 7d ub fa ot เว = | oF Qi, ae | Ver
ปัญญาประดิช์ฐวิชา]ด้วิย์[หนิฐิจานนัรวัมหผัวฟูกิต ! หห์นิดระยูะไวรุกใน้กําทําสัชิจศิลิษาเป็นไว้ลาอย่างน้อย 16
๑เรสเท่. สจจ1 นว >7 feces “
“เพรรกรกร๐๒Yara ARS6
Il ว4 แหกบ / รรมเห (Poti is) ue
สขักศิกษาสหกรตอ๊ดิวิยไม้รายวิชาที่เปิดส์คันใสัตว์บันโทคีโน๊โล้ยืฟิระจอมีเกลวิเจ้าคุณท์หารลาดกระบัง'ลํานนไมซื้อย์ถุ่ง| ป 6๓หน่วยกต่านศู )
das 1 น if<¢ if
\ HARRY SA SETAE /)
i =im Pana 5) ๑ ~ ff)
ความหมาย์ของรัหัสประจํารายวิชู้ 6 (2 Hy",,,3(0-9-0),22;26;40;303,17;21;35;298,4
AIT,06066000,คณิตศาสตร์ไม่ต่อเนื่อง,DISCRETE MATHEMATICS,,,3(3-0-6),19;23;37;288,14;18;32;283,4
AIT,06066001,ความน่าจะเป็นและสถิติ,"PROBABILITYAND STATISTICS
หครขอหหหอ๓หอูหูตู้อะ1",,,3(3-0-6),19;23;37;289;291,14;18;32;284;286,5
AIT,06066300,แนวคิดระบบฐานข้อมูล (0ด้โอคร์ถีร5ขะบโผศี (เข ot Oy v YN CNlro: oN บ,"CONCEPTS) \ tH >. เร็ / if SOY
06046404พื้นฐานของระบบสมองกลฝังตัว'@ู้บแบอหพ็ฬางโซ| ม(๐19 “(6๐2 ค๐ NIy #/
OFEMBEDDEDSYSTEM) ญู๐แก | meaf“K~รwos //",,,,20;24;37;290,15;19;32;285,4
AIT,06066301,โครงสร้างข้อมูลและอัลออริทีม,"ee
06066300/ ว์แน่วิคิดระบบฐาวนขุู้อมูล || / 3 (2-2-5)
at เฉ้ hig Ph",,,3(2-2-5),20;23;37;290,15;18;32;285,4
AIT,06066303,การแก้ปัญหาและการโปรแกรมคอมพิวเตอร์,PROBLEM SOLVING AND COMPUTER PROGRAMMING,,,3(2-2-5),20;23;37;289,15;18;32;284,4
AIT,90641004,โครงงานกลุ่ม 1,TEAM-PROJECT 1,,,1(0-2-1),18;23;144;233;234,13;18;139;228;229,5
AIT,90641005,โครงงานกลุ่ม 2,TEAM-PROJECT 2,,,1(0-2-1),18;24;120;233,13;19;115;228,4
AIT,90641006,โครงงานกลุ่ม 3,"TEAM-PROJECT 3
การประเมินผลในรายวิชาทั้ง3 รายวิชาจะใช้เกณฑ์ผลการเรียนเป็นผ่าน (S) หรือไม่ผ่าน (ป)",,,1(0-2-1),18;25;118;233,13;20;113;228,4
AIT,90641007,ด็เมือซิจหัล๐,"‘hes onl
oki TIZEN GN
cca Eyวรฏาษิาอั:งกอ AWS,
ae TeNG .
INTRODUCTIONJO ENGLISH COMMUNICATION,SKILUS
wv พ๒๓ล",,,3(3-0-6),19;23;36;119;120;144;234;236,14;18;31;114;115;139;229;231,8
AIT,90641008,พื้นฐานทักษ์์ก็ารสีอ์ดีาร์ภาษาอังกฤษ,"RODUCTION TO ENGLISH,CQM CATION, SKILLS
ร/WY
PREREQUISITES th
» eea “จลงฟั ieัศัซึ่การพัฒนาทักษะกรสือสาธ์ภาจาอังกฤษโดยใช้ก็: | รไกรอการเขียน.อารพูดและการฟังศูวต๒< - . - =--แ็ จ,
firandy apeกกรพัศบ่ายพห์ภารส้วงประโยกและฏารแสดงความ
fy คิดเห็นแบบสั้นๆผ่าน Asano sh Ruut ahson Henao นีประดบงรในหลากไลายบริบทเช่นการ
/ ธานีธีวประจวา wea ate LZ ot bi “ไดว๑ WA tian
สนทน์“ในชีวิตประจัวว้นการรีวีวิสินค้แรรปการค์เขตหัด eae เลิะการน๊าโสนฮ่ด้วยวิดีโอสันๆสู่4๕ดง “obsEnglis แล็รณิ6 mynicatiog skill rough ea แล
speaking,| anc listenin สณัโรรี asis: on ไก์ผูทอญ์ n งรรรอน 7 ท
pe bial eeu De Seธาไช่ยangexpeesions19)
2)ลอะ [ร๓1ปผงอนได 0ก็กจขี้ตังอรชิณเด่อทท (๐8ปัวถีinเศสังตะsuch
Ms aitconydrsationsy pr i review Zine posaNwh Aamo eptati “
ตรกลไพออก 3 oN 38writing ar pcre U56
พฆา๒
é * ๑
| 2:เภกสกา (Aroa xem ‘J.
CrCF กษ์ะญารสื่อสฎา ping ระหไลงรุ๊ฒปรรุรบ i ย |
ซีภาบน ONGUNCATIONSKS ENGL |
รายวิซาบุงคับก้อน : ie pier aA NIST au |
D ไแควัญํานแนะทูผู่งาสูทใต 6 ไฟ่ป่โยเช |
(Cp รซ์นัญิโญแทาอนชาดู TEENGLISH COM เญพอญ์ชร Ik i
ถ้ารพัฒนีาศวามสามารถไหารสืยสารระหว่ en ae MEN ASA LAW SINAN ที่ Mf
มุ่นนันฝึกนทักษะผูรฟู agg 'จคูวง่วยการ์สิฐูปความกขนสดงความิคิดเห็นยกษะารนําเสนอข้อมูลใน //,
ทีประศั๒ 2 ผู (ลฮ่ (™ iy
ทีประชุมเดชรเขียนบทคามสันๆุ 0 จจ fi,
ง A ฝีดิป๊อเอวกัรสกเอ[นโนเอเอต์ไนเด| cornmunicatian cor วร1รูโระปิห์อน8 practices of:
aelangagecommunicationwithsoeopsns,practices,basicreadingia a idea
summary, expressing opinions, เทธุหชันคเลผูต์กลูทย bale กลัรย์์ต่า writin mp",,,0(0-0-4),19;119;120;145;234;235;238,14;114;115;140;229;230;233,7
AIT,90641009,ทัณะการสียรธัช1พบรหมดไอ - จ๒23-0-6) .,". /erefierVEIL >rs ~~ .
งสเดวหจะงเรee\
It ๑๕aanSuneA Deaร i187 1\___
SEIN) SeGEENA
3 — enti2ภาคกวร์ศึกษําที2een CARO
| TNS LU รื่อวิชู KY \ 020ง1หน่วยกดา | | |
1 [| ง vas. ELLE .=( ปรรยายรปฏิบัติ-ศึกษาด้วยตนเอง) |
ประซาร:๕3!«aeTagย-neeecoeางศี|เลท Vi
. 060464075 พันฐานวิทยกกกรข้อมูลโซซน ] %(3-0-6)3 HM) .
. เวี๕0 นดวง๐[16 » (xed 7 | ๑ 7 :
. 06046408 “วิรแลูดิงจัอสอูยแต awa (7 Me fee aว (225) /, |
| งพภู “DATAงรย์ไอเง [ เจซู AH « a hy |
เนาก26นดร:รอไชย์ a i 5Say,ก
. 060464108'! การประมูวลผัสภาษาธรรมชําติโป๊องต์น és. | 3'(3-0-6)“ า
| ANTRODUCTION TO NATURAISLANGUAGEF, | |
. 06046412 | การเพิ่มประสิทธิ์ภาห์โครงูข่ายประสาทเทียม > wy ๑ ”์(3-0-6) า
. 06046411 | การวิเคราะห์และเพิ่มิประสิทธิภาพเครือข่าย>===-- 3 (3-0-6) |
— 90641010 ทักษะการสือสารภาษาอังกฤษระหว่างวัฒนธรรม 2 | 3 (3-0-6) |
. 90641005 | โครงงานกลุ่ม 2 | 1 (0-2-1) |",,,,19;24;119;120;234;236;238,14;19;114;115;229;231;233,7
AIT,90641010,ทักษะการสื่อสารภาษาอังกฤษระหว่างวัฒนธรรม 2,"INTERCULTURAL COMMUNICATION SKILLS IN ENGLISH 2
กลุ่มทักษะบุคคลและส่งเสริมวิชาชีพ (PERSONAL AND PROFESSIONAL SKILLS)",,,3(3-0-6),19;24;119;120;121;145;236;238,14;19;114;115;116;140;231;233,8
AIT,90642012,กกระบนกรคิเจิออกแบ2,". 060464xx . วิชาเฮือก[ทึคโน๊โลยีปัญญาบุระดุข้ uty Af . 6 (3-0-6) |
| ~ ELECTIVE IN ARTIRIGIADSINTESNSENY Wy ป: .
. /SPECIALIZATIONt=‘SS <A —— ๊.
ล้งงณงณณณญะจลแทaeepoeงฑจ
| 06046440%' วิชาสัมมนาปัญญาประดิบฐี 2906 G [6 =? TA (2-2°5) |
ป // ผมะฑาหไนจ้แป 2--/ \ ป
ee| อ๒4<(eenคม 0
APT EDC ESD,
- ธาว (TMA! NAN Re Wd 7)
] รวิชาๆ - กกกร sean \\ AS Somว7 หน่วยกิต
. [| พ r คคคภศฑ์คในวx) sh จ (บิรีริยิวัยิ“ปฏิบัติ-ศึกษาด้วยตนเอง)
คแ =Veattesta)aoefeรว\\fs3 TUN alte |po
| 060464xx9“วิชาเลือกบโตโนโลยีปัญญดิประดิษฐ์เฉพตะทังงิ, เล Us 26'(3,0-6) am .
| SETECTIVEIN ARTIFICIAL INTELLIGENCEcy oPy ด yo
: 0 i /พ Datla sep ay Se Mae i :
. 0604 (52โครงงานโทญันุลยีปัญญาประดิษฐ์ 1 Ui - 2 (0-9-0) i า
. eee FICIAL. INTELICIG ร๑ะค (2 if .
= แออ1วโฟคฟาe™N,Bi YS > ก /7
๊. 90641006ูนูครจฐ์นภูลุ่ม 3 ไป Up m Oy, ๊.
NEAMFPROIECT3 LANASAN,กาอสศีงง 77
| XXXXXXXX วิชําโต๊อภูเสรีอIS. ษฑ์ณ์ >, aw 34x) |
๊. | FREEELECTIVECOURSENSคฐกล A, ๊.
| Sw รวม WbTVG _A 13 |",,,3(3-0-6),25;36;121;147,20;31;116;142,4
